{
  "users": [
    {
      "id": 1,
      "name": "İsmail",
      "surname": "Yılmaz",
      "mail": "ismail@yilmaz",
      "password": "123"
    },
    {
      "id": 2,
      "name": "Ahmet",
      "surname": "Sönmez",
      "mail": "ahmet@sonmez",
      "password": "185523"
    },
    {
      "id": 3,
      "name": "Kerem",
      "surname": "Yılmaz",
      "mail": "kerem@yilmaz",
      "password": "15223"
    },
    {
      "id": 4,
      "name": "Kadir",
      "surname": "Erdem",
      "mail": "kadir@erdem",
      "password": "1252523"
    },
    {
      "id": 5,
      "name": "Mert",
      "surname": "Korkmaz",
      "mail": "mert@korkmaz",
      "password": "12727523"
    },
    {
      "id": 6,
      "name": "Osman",
      "surname": "Yıldırım",
      "mail": "osman@yildirim",
      "password": "8527852"
    },
    {
      "id": 7,
      "name": "Özlem",
      "surname": "Yıldırım",
      "mail": "özlem@yıldırım",
      "password": "5828282"
    },
    {
      "id": 8,
      "name": "Eymen",
      "surname": "Kurt",
      "mail": "eymen@kurt",
      "password": "2785"
    },
    {
      "name": "özlem",
      "surname": "Yıldırım",
      "id": 9
    }
  ],
  "installments": [
    {
      "id": 1,
      "installmentCount": 2,
      "price": 1500
    },
    {
      "id": 2,
      "installmentCount": 3,
      "price": 1500
    },
    {
      "id": 3,
      "installmentCount": 4,
      "price": 1508
    },
    {
      "id": 4,
      "installmentCount": 5,
      "price": 1510
    },
    {
      "id": 5,
      "installmentCount": 6,
      "price": 1528
    },
    {
      "id": 6,
      "installmentCount": 7,
      "price": 1586
    },
    {
      "id": 7,
      "installmentCount": 8,
      "price": 1599
    },
    {
      "id": 8,
      "installmentCount": 9,
      "price": 1610
    },
    {
      "installmentCount": 10,
      "price": 500,
      "id": 9
    }
  ],
  "products": [
    {
      "Id": 1,
      "categoryId": 1,
      "productName": "Test Monster Abra A5 V17.1.3 Intel Core i5 11400H 16GB",
      "brand": "Monster",
      "stock": 11,
      "unitPrice": 5150,
      "images" :["./image/excalibur.jpg"]
  },
  {
      "Id": 2,
      "categoryId": 1,
      "productName": "Excalibur G770.1030-8PH0T Intel Core i5 10300H 8GB",
      "brand": "Excalibur",
      "stock": 16,
      "unitPrice": 5000,
      "images" :["./image/excalibur.jpg"]
  },
  {
      "Id": 3,
      "categoryId": 1,
      "productName": "Lenovo IdeaPad Intel Celeron N4020 4GB 128GB SSD",
      "brand": "Lenovo",
      "stock": 13,
      "unitPrice": 5442,
      "images" :["./image/monster.jpg"]
  },
  {
      "Id": 4,
      "categoryId": 1,
      "productName": "Dell G15-5515-F1900 AMD Ryzen 7-5800H 16GB(8x2) 512GB SSD",
      "brand": "Dell",
      "stock": 1,
      "unitPrice": 7500,
      "images" :["./image/asus.jpeg"]
  },
  {
      "Id": 5,
      "categoryId": 1,
      "productName": "Huawei Matebook Intel Core i7 1165G7 16GB 512GB SSD",
      "brand": "Huawei",
      "stock": 3,
      "unitPrice": 8000,
      "images" :["./image/monster.jpg"]
  },
  {
      "Id": 6,
      "categoryId": 1,
      "productName": "Excalibur G770.1030-8PH0T Intel Core i5 10300H 8GB",
      "brand": "Excalibur",
      "stock": 6,
      "unitPrice": 5000,
      "images" :["./image/excalibur.jpg"]
  },
  {
      "Id": 7,
      "categoryId": 1,
      "productName": "HP Pavilion Gaming 15- Intel Core i5 11300H 16GB",
      "brand": "HP",
      "stock": 13,
      "unitPrice": 2000,
      "images" :["./image/asus.jpeg"]
  },
  {
      "Id": 8,
      "categoryId": 1,
      "productName": "HP Pavilion Gaming 15- Intel Core i5 11300H 16GB",
      "brand": "HP",
      "stock": 13,
      "unitPrice": 2000,
      "images" :["./image/asus.jpeg"]
  }
  ],
  "citys": [
    {
      "city": "Adana",
      "id": 1,
      "districts": [
        "Aladağ",
        "Ceyhan",
        "Çukurova",
        "Feke",
        "İmamoğlu",
        "Karaisalı",
        "Karataş",
        "Kozan",
        "Pozantı",
        "Saimbeyli",
        "Sarıçam",
        "Seyhan",
        "Tufanbeyli",
        "Yumurtalık",
        "Yüreğir"
      ]
    },
    {
      "city": "Adıyaman",
      "id": 2,
      "districts": [
        "Besni",
        "Çelikhan",
        "Gerger",
        "Gölbaşı",
        "Kahta",
        "Merkez",
        "Samsat",
        "Sincik",
        "Tut"
      ]
    },
    {
      "city": "Afyonkarahisar",
      "id": 3,
      "districts": [
        "Başmakçı",
        "Bayat",
        "Bolvadin",
        "Çay",
        "Çobanlar",
        "Dazkırı",
        "Dinar",
        "Emirdağ",
        "Evccityer",
        "Hocalar",
        "İhsaniye",
        "İscehisar",
        "Kızılören",
        "Merkez",
        "Sandıklı",
        "Sinanpaşa",
        "Sultandağı",
        "Şuhut"
      ]
    },
    {
      "city": "Ağrı",
      "id": 4,
      "districts": [
        "Diyadin",
        "Doğubayazıt",
        "Eleşkirt",
        "Hamur",
        "Merkez",
        "Patnos",
        "Taşlıçay",
        "Tutak"
      ]
    },
    {
      "city": "Amasya",
      "id": 5,
      "districts": [
        "Göynücek",
        "Gümüşhacıköy",
        "Hamamözü",
        "Merkez",
        "Merzifon",
        "Suluova",
        "Taşova"
      ]
    },
    {
      "city": "Ankara",
      "id": 6,
      "districts": [
        "Altındağ",
        "Ayaş",
        "Bala",
        "Beypazarı",
        "Çamlıdere",
        "Çankaya",
        "Çubuk",
        "Elmadağ",
        "Güdül",
        "Haymana",
        "Kalecik",
        "Kızılcahamam",
        "Nallıhan",
        "Polatlı",
        "Şereflikoçhisar",
        "Yenimahalle",
        "Gölbaşı",
        "Keçiören",
        "Mamak",
        "Sincan",
        "Kazan",
        "Akyurt",
        "Etimesgut",
        "Evren",
        "Pursaklar"
      ]
    },
    {
      "city": "Antalya",
      "id": 7,
      "districts": [
        "Akseki",
        "Alanya",
        "Elmalı",
        "Finike",
        "Gazipaşa",
        "Gündoğmuş",
        "Kaş",
        "Korkuteli",
        "Kumluca",
        "Manavgat",
        "Serik",
        "Demre",
        "İbradı",
        "Kemer",
        "Aksu",
        "Döşemealtı",
        "Kepez",
        "Konyaaltı",
        "Muratpaşa"
      ]
    },
    {
      "city": "Artvin",
      "id": 8,
      "districts": [
        "Ardanuç",
        "Arhavi",
        "Merkez",
        "Borçka",
        "Hopa",
        "Şavşat",
        "Yusufeli",
        "Murgul"
      ]
    },
    {
      "city": "Aydın",
      "id": 9,
      "districts": [
        "Merkez",
        "Bozdoğan",
        "Efeler",
        "Çine",
        "Germencik",
        "Karacasu",
        "Koçarlı",
        "Kuşadası",
        "Kuyucak",
        "Nazcityli",
        "Söke",
        "Sultanhisar",
        "Yenipazar",
        "Buharkent",
        "İncirliova",
        "Karpuzlu",
        "Köşk",
        "Didim"
      ]
    },
    {
      "city": "Balıkesir",
      "id": 10,
      "districts": [
        "Altıeylül",
        "Ayvalık",
        "Merkez",
        "Balya",
        "Bandırma",
        "Bigadiç",
        "Burhaniye",
        "Dursunbey",
        "Edremit",
        "Erdek",
        "Gönen",
        "Havran",
        "İvrindi",
        "Karesi",
        "Kepsut",
        "Manyas",
        "Savaştepe",
        "Sındırgı",
        "Gömeç",
        "Susurluk",
        "Marmara"
      ]
    },
    {
      "city": "Bcityecik",
      "id": 11,
      "districts": [
        "Merkez",
        "Bozüyük",
        "Gölpazarı",
        "Osmaneli",
        "Pazaryeri",
        "Söğüt",
        "Yenipazar",
        "İnhisar"
      ]
    },
    {
      "city": "Bingöl",
      "id": 12,
      "districts": [
        "Merkez",
        "Genç",
        "Karlıova",
        "Kiğı",
        "Solhan",
        "Adaklı",
        "Yayladere",
        "Yedisu"
      ]
    },
    {
      "city": "Bitlis",
      "id": 13,
      "districts": [
        "Adcitycevaz",
        "Ahlat",
        "Merkez",
        "Hizan",
        "Mutki",
        "Tatvan",
        "Güroymak"
      ]
    },
    {
      "city": "Bolu",
      "id": 14,
      "districts": [
        "Merkez",
        "Gerede",
        "Göynük",
        "Kıbrıscık",
        "Mengen",
        "Mudurnu",
        "Seben",
        "Dörtdivan",
        "Yeniçağa"
      ]
    },
    {
      "city": "Burdur",
      "id": 15,
      "districts": [
        "Ağlasun",
        "Bucak",
        "Merkez",
        "Gölhisar",
        "Tefenni",
        "Yeşcityova",
        "Karamanlı",
        "Kemer",
        "Altınyayla",
        "Çavdır",
        "Çeltikçi"
      ]
    },
    {
      "city": "Bursa",
      "id": 16,
      "districts": [
        "Gemlik",
        "İnegöl",
        "İznik",
        "Karacabey",
        "Keles",
        "Mudanya",
        "Mustafakemalpaşa",
        "Orhaneli",
        "Orhangazi",
        "Yenişehir",
        "Büyükorhan",
        "Harmancık",
        "Ncityüfer",
        "Osmangazi",
        "Yıldırım",
        "Gürsu",
        "Kestel"
      ]
    },
    {
      "city": "Çanakkale",
      "id": 17,
      "districts": [
        "Ayvacık",
        "Bayramiç",
        "Biga",
        "Bozcaada",
        "Çan",
        "Merkez",
        "Eceabat",
        "Ezine",
        "Gelibolu",
        "Gökçeada",
        "Lapseki",
        "Yenice"
      ]
    },
    {
      "city": "Çankırı",
      "id": 18,
      "districts": [
        "Merkez",
        "Çerkeş",
        "Eldivan",
        "citygaz",
        "Kurşunlu",
        "Orta",
        "Şabanözü",
        "Yapraklı",
        "Atkaracalar",
        "Kızılırmak",
        "Bayramören",
        "Korgun"
      ]
    },
    {
      "city": "Çorum",
      "id": 19,
      "districts": [
        "Alaca",
        "Bayat",
        "Merkez",
        "İskcityip",
        "Kargı",
        "Mecitözü",
        "Ortaköy",
        "Osmancık",
        "Sungurlu",
        "Boğazkale",
        "Uğurludağ",
        "Dodurga",
        "Laçin",
        "Oğuzlar"
      ]
    },
    {
      "city": "Denizli",
      "id": 20,
      "districts": [
        "Acıpayam",
        "Buldan",
        "Çal",
        "Çameli",
        "Çardak",
        "Çivrcity",
        "Merkez",
        "Merkezefendi",
        "Pamukkale",
        "Güney",
        "Kale",
        "Sarayköy",
        "Tavas",
        "Babadağ",
        "Bekcityli",
        "Honaz",
        "Serinhisar",
        "Baklan",
        "Beyağaç",
        "Bozkurt"
      ]
    },
    {
      "city": "Diyarbakır",
      "id": 21,
      "districts": [
        "Kocaköy",
        "Çermik",
        "Çınar",
        "Çüngüş",
        "Dicle",
        "Ergani",
        "Hani",
        "Hazro",
        "Kulp",
        "Lice",
        "Scityvan",
        "Eğcity",
        "Bağlar",
        "Kayapınar",
        "Sur",
        "Yenişehir",
        "Bismcity"
      ]
    },
    {
      "city": "Edirne",
      "id": 22,
      "districts": [
        "Merkez",
        "Enez",
        "Havsa",
        "İpsala",
        "Keşan",
        "Lalapaşa",
        "Meriç",
        "Uzunköprü",
        "Süloğlu"
      ]
    },
    {
      "city": "Elazığ",
      "id": 23,
      "districts": [
        "Ağın",
        "Baskcity",
        "Merkez",
        "Karakoçan",
        "Keban",
        "Maden",
        "Palu",
        "Sivrice",
        "Arıcak",
        "Kovancılar",
        "Alacakaya"
      ]
    },
    {
      "city": "Erzincan",
      "id": 24,
      "districts": [
        "Çayırlı",
        "Merkez",
        "İliç",
        "Kemah",
        "Kemaliye",
        "Refahiye",
        "Tercan",
        "Üzümlü",
        "Otlukbeli"
      ]
    },
    {
      "city": "Erzurum",
      "id": 25,
      "districts": [
        "Aşkale",
        "Çat",
        "Hınıs",
        "Horasan",
        "İspir",
        "Karayazı",
        "Narman",
        "Oltu",
        "Olur",
        "Pasinler",
        "Şenkaya",
        "Tekman",
        "Tortum",
        "Karaçoban",
        "Uzundere",
        "Pazaryolu",
        "Köprüköy",
        "Palandöken",
        "Yakutiye",
        "Aziziye"
      ]
    },
    {
      "city": "Eskişehir",
      "id": 26,
      "districts": [
        "Çifteler",
        "Mahmudiye",
        "Mihalıççık",
        "Sarıcakaya",
        "Seyitgazi",
        "Sivrihisar",
        "Alpu",
        "Beylikova",
        "İnönü",
        "Günyüzü",
        "Han",
        "Mihalgazi",
        "Odunpazarı",
        "Tepebaşı"
      ]
    },
    {
      "city": "Gaziantep",
      "id": 27,
      "districts": [
        "Araban",
        "İslahiye",
        "Nizip",
        "Oğuzeli",
        "Yavuzeli",
        "Şahinbey",
        "Şehitkamcity",
        "Karkamış",
        "Nurdağı"
      ]
    },
    {
      "city": "Giresun",
      "id": 28,
      "districts": [
        "Alucra",
        "Bulancak",
        "Dereli",
        "Espiye",
        "Eynescity",
        "Merkez",
        "Görele",
        "Keşap",
        "Şebinkarahisar",
        "Tirebolu",
        "Piraziz",
        "Yağlıdere",
        "Çamoluk",
        "Çanakçı",
        "Doğankent",
        "Güce"
      ]
    },
    {
      "city": "Gümüşhane",
      "id": 29,
      "districts": [
        "Merkez",
        "Kelkit",
        "Şiran",
        "Torul",
        "Köse",
        "Kürtün"
      ]
    },
    {
      "city": "Hakkari",
      "id": 30,
      "districts": [
        "Çukurca",
        "Merkez",
        "Şemdinli",
        "Yüksekova"
      ]
    },
    {
      "city": "Hatay",
      "id": 31,
      "districts": [
        "Altınözü",
        "Arsuz",
        "Defne",
        "Dörtyol",
        "Hassa",
        "Antakya",
        "İskenderun",
        "Kırıkhan",
        "Payas",
        "Reyhanlı",
        "Samandağ",
        "Yayladağı",
        "Erzin",
        "Belen",
        "Kumlu"
      ]
    },
    {
      "city": "Isparta",
      "id": 32,
      "districts": [
        "Atabey",
        "Eğirdir",
        "Gelendost",
        "Merkez",
        "Keçiborlu",
        "Senirkent",
        "Sütçüler",
        "Şarkikaraağaç",
        "Uluborlu",
        "Yalvaç",
        "Aksu",
        "Gönen",
        "Yenişarbademli"
      ]
    },
    {
      "city": "Mersin",
      "id": 33,
      "districts": [
        "Anamur",
        "Erdemli",
        "Gülnar",
        "Mut",
        "Scityifke",
        "Tarsus",
        "Aydıncık",
        "Bozyazı",
        "Çamlıyayla",
        "Akdeniz",
        "Mezitli",
        "Toroslar",
        "Yenişehir"
      ]
    },
    {
      "city": "İstanbul",
      "id": 34,
      "districts": [
        "Adalar",
        "Bakırköy",
        "Beşiktaş",
        "Beykoz",
        "Beyoğlu",
        "Çatalca",
        "Eyüp",
        "Fatih",
        "Gaziosmanpaşa",
        "Kadıköy",
        "Kartal",
        "Sarıyer",
        "Scityivri",
        "Şcitye",
        "Şişli",
        "Üsküdar",
        "Zeytinburnu",
        "Büyükçekmece",
        "Kağıthane",
        "Küçükçekmece",
        "Pendik",
        "Ümraniye",
        "Bayrampaşa",
        "Avcılar",
        "Bağcılar",
        "Bahçelievler",
        "Güngören",
        "Maltepe",
        "Sultanbeyli",
        "Tuzla",
        "Esenler",
        "Arnavutköy",
        "Ataşehir",
        "Başakşehir",
        "Beylikdüzü",
        "Çekmeköy",
        "Esenyurt",
        "Sancaktepe",
        "Sultangazi"
      ]
    },
    {
      "city": "İzmir",
      "id": 35,
      "districts": [
        "Aliağa",
        "Bayındır",
        "Bergama",
        "Bornova",
        "Çeşme",
        "Dikcityi",
        "Foça",
        "Karaburun",
        "Karşıyaka",
        "Kemalpaşa",
        "Kınık",
        "Kiraz",
        "Menemen",
        "Ödemiş",
        "Seferihisar",
        "Selçuk",
        "Tire",
        "Torbalı",
        "Urla",
        "Beydağ",
        "Buca",
        "Konak",
        "Menderes",
        "Balçova",
        "Çiğli",
        "Gaziemir",
        "Narlıdere",
        "Güzelbahçe",
        "Bayraklı",
        "Karabağlar"
      ]
    },
    {
      "city": "Kars",
      "id": 36,
      "districts": [
        "Arpaçay",
        "Digor",
        "Kağızman",
        "Merkez",
        "Sarıkamış",
        "Selim",
        "Susuz",
        "Akyaka"
      ]
    },
    {
      "city": "Kastamonu",
      "id": 37,
      "districts": [
        "Abana",
        "Araç",
        "Azdavay",
        "Bozkurt",
        "Cide",
        "Çatalzeytin",
        "Daday",
        "Devrekani",
        "İnebolu",
        "Merkez",
        "Küre",
        "Taşköprü",
        "Tosya",
        "İhsangazi",
        "Pınarbaşı",
        "Şenpazar",
        "Ağlı",
        "Doğanyurt",
        "Hanönü",
        "Seydcityer"
      ]
    },
    {
      "city": "Kayseri",
      "id": 38,
      "districts": [
        "Bünyan",
        "Develi",
        "Felahiye",
        "İncesu",
        "Pınarbaşı",
        "Sarıoğlan",
        "Sarız",
        "Tomarza",
        "Yahyalı",
        "Yeşcityhisar",
        "Akkışla",
        "Talas",
        "Kocasinan",
        "Melikgazi",
        "Hacılar",
        "Özvatan"
      ]
    },
    {
      "city": "Kırklareli",
      "id": 39,
      "districts": [
        "Babaeski",
        "Demirköy",
        "Merkez",
        "Kofçaz",
        "Lüleburgaz",
        "Pehlivanköy",
        "Pınarhisar",
        "Vize"
      ]
    },
    {
      "city": "Kırşehir",
      "id": 40,
      "districts": [
        "Çiçekdağı",
        "Kaman",
        "Merkez",
        "Mucur",
        "Akpınar",
        "Akçakent",
        "Boztepe"
      ]
    },
    {
      "city": "Kocaeli",
      "id": 41,
      "districts": [
        "Gebze",
        "Gölcük",
        "Kandıra",
        "Karamürsel",
        "Körfez",
        "Derince",
        "Başiskele",
        "Çayırova",
        "Darıca",
        "Dcityovası",
        "İzmit",
        "Kartepe"
      ]
    },
    {
      "city": "Konya",
      "id": 42,
      "districts": [
        "Akşehir",
        "Beyşehir",
        "Bozkır",
        "Cihanbeyli",
        "Çumra",
        "Doğanhisar",
        "Ereğli",
        "Hadim",
        "citygın",
        "Kadınhanı",
        "Karapınar",
        "Kulu",
        "Sarayönü",
        "Seydişehir",
        "Yunak",
        "Akören",
        "Altınekin",
        "Derebucak",
        "Hüyük",
        "Karatay",
        "Meram",
        "Selçuklu",
        "Taşkent",
        "Ahırlı",
        "Çeltik",
        "Derbent",
        "Emirgazi",
        "Güneysınır",
        "Halkapınar",
        "Tuzlukçu",
        "Yalıhüyük"
      ]
    },
    {
      "city": "Kütahya",
      "id": 43,
      "districts": [
        "Altıntaş",
        "Domaniç",
        "Emet",
        "Gediz",
        "Merkez",
        "Simav",
        "Tavşanlı",
        "Aslanapa",
        "Dumlupınar",
        "Hisarcık",
        "Şaphane",
        "Çavdarhisar",
        "Pazarlar"
      ]
    },
    {
      "city": "Malatya",
      "id": 44,
      "districts": [
        "Akçadağ",
        "Arapgir",
        "Arguvan",
        "Darende",
        "Doğanşehir",
        "Hekimhan",
        "Merkez",
        "Pütürge",
        "Yeşcityyurt",
        "Battalgazi",
        "Doğanyol",
        "Kale",
        "Kuluncak",
        "Yazıhan"
      ]
    },
    {
      "city": "Manisa",
      "id": 45,
      "districts": [
        "Akhisar",
        "Alaşehir",
        "Demirci",
        "Gördes",
        "Kırkağaç",
        "Kula",
        "Merkez",
        "Salihli",
        "Sarıgöl",
        "Saruhanlı",
        "Selendi",
        "Soma",
        "Şehzadeler",
        "Yunusemre",
        "Turgutlu",
        "Ahmetli",
        "Gölmarmara",
        "Köprübaşı"
      ]
    },
    {
      "city": "Kahramanmaraş",
      "id": 46,
      "districts": [
        "Afşin",
        "Andırın",
        "Dulkadiroğlu",
        "Onikişubat",
        "Elbistan",
        "Göksun",
        "Merkez",
        "Pazarcık",
        "Türkoğlu",
        "Çağlayancerit",
        "Ekinözü",
        "Nurhak"
      ]
    },
    {
      "city": "Mardin",
      "id": 47,
      "districts": [
        "Derik",
        "Kızıltepe",
        "Artuklu",
        "Merkez",
        "Mazıdağı",
        "Midyat",
        "Nusaybin",
        "Ömerli",
        "Savur",
        "Dargeçit",
        "Yeşcityli"
      ]
    },
    {
      "city": "Muğla",
      "id": 48,
      "districts": [
        "Bodrum",
        "Datça",
        "Fethiye",
        "Köyceğiz",
        "Marmaris",
        "Menteşe",
        "Mcityas",
        "Ula",
        "Yatağan",
        "Dalaman",
        "Seydikemer",
        "Ortaca",
        "Kavaklıdere"
      ]
    },
    {
      "city": "Muş",
      "id": 49,
      "districts": [
        "Bulanık",
        "Malazgirt",
        "Merkez",
        "Varto",
        "Hasköy",
        "Korkut"
      ]
    },
    {
      "city": "Nevşehir",
      "id": 50,
      "districts": [
        "Avanos",
        "Derinkuyu",
        "Gülşehir",
        "Hacıbektaş",
        "Kozaklı",
        "Merkez",
        "Ürgüp",
        "Acıgöl"
      ]
    },
    {
      "city": "Niğde",
      "id": 51,
      "districts": [
        "Bor",
        "Çamardı",
        "Merkez",
        "Ulukışla",
        "Altunhisar",
        "Çiftlik"
      ]
    },
    {
      "city": "Ordu",
      "id": 52,
      "districts": [
        "Akkuş",
        "Altınordu",
        "Aybastı",
        "Fatsa",
        "Gölköy",
        "Korgan",
        "Kumru",
        "Mesudiye",
        "Perşembe",
        "Ulubey",
        "Ünye",
        "Gülyalı",
        "Gürgentepe",
        "Çamaş",
        "Çatalpınar",
        "Çaybaşı",
        "İkizce",
        "Kabadüz",
        "Kabataş"
      ]
    },
    {
      "city": "Rize",
      "id": 53,
      "districts": [
        "Ardeşen",
        "Çamlıhemşin",
        "Çayeli",
        "Fındıklı",
        "İkizdere",
        "Kalkandere",
        "Pazar",
        "Merkez",
        "Güneysu",
        "Derepazarı",
        "Hemşin",
        "İyidere"
      ]
    },
    {
      "city": "Sakarya",
      "id": 54,
      "districts": [
        "Akyazı",
        "Geyve",
        "Hendek",
        "Karasu",
        "Kaynarca",
        "Sapanca",
        "Kocaali",
        "Pamukova",
        "Taraklı",
        "Ferizli",
        "Karapürçek",
        "Söğütlü",
        "Adapazarı",
        "Arifiye",
        "Erenler",
        "Serdivan"
      ]
    },
    {
      "city": "Samsun",
      "id": 55,
      "districts": [
        "Alaçam",
        "Bafra",
        "Çarşamba",
        "Havza",
        "Kavak",
        "Ladik",
        "Terme",
        "Vezirköprü",
        "Asarcık",
        "Ondokuzmayıs",
        "Salıpazarı",
        "Tekkeköy",
        "Ayvacık",
        "Yakakent",
        "Atakum",
        "Canik",
        "İlkadım"
      ]
    },
    {
      "city": "Siirt",
      "id": 56,
      "districts": [
        "Baykan",
        "Eruh",
        "Kurtalan",
        "Pervari",
        "Merkez",
        "Şirvan",
        "Tcitylo"
      ]
    },
    {
      "city": "Sinop",
      "id": 57,
      "districts": [
        "Ayancık",
        "Boyabat",
        "Durağan",
        "Erfelek",
        "Gerze",
        "Merkez",
        "Türkeli",
        "Dikmen",
        "Saraydüzü"
      ]
    },
    {
      "city": "Sivas",
      "id": 58,
      "districts": [
        "Divriği",
        "Gemerek",
        "Gürün",
        "Hafik",
        "İmranlı",
        "Kangal",
        "Koyulhisar",
        "Merkez",
        "Suşehri",
        "Şarkışla",
        "Yıldızeli",
        "Zara",
        "Akıncılar",
        "Altınyayla",
        "Doğanşar",
        "Gölova",
        "Ulaş"
      ]
    },
    {
      "city": "Tekirdağ",
      "id": 59,
      "districts": [
        "Çerkezköy",
        "Çorlu",
        "Ergene",
        "Hayrabolu",
        "Malkara",
        "Muratlı",
        "Saray",
        "Süleymanpaşa",
        "Kapaklı",
        "Şarköy",
        "Marmaraereğlisi"
      ]
    },
    {
      "city": "Tokat",
      "id": 60,
      "districts": [
        "Almus",
        "Artova",
        "Erbaa",
        "Niksar",
        "Reşadiye",
        "Merkez",
        "Turhal",
        "Zcitye",
        "Pazar",
        "Yeşcityyurt",
        "Başçiftlik",
        "Sulusaray"
      ]
    },
    {
      "city": "Trabzon",
      "id": 61,
      "districts": [
        "Akçaabat",
        "Araklı",
        "Arsin",
        "Çaykara",
        "Maçka",
        "Of",
        "Ortahisar",
        "Sürmene",
        "Tonya",
        "Vakfıkebir",
        "Yomra",
        "Beşikdüzü",
        "Şalpazarı",
        "Çarşıbaşı",
        "Dernekpazarı",
        "Düzköy",
        "Hayrat",
        "Köprübaşı"
      ]
    },
    {
      "city": "Tunceli",
      "id": 62,
      "districts": [
        "Çemişgezek",
        "Hozat",
        "Mazgirt",
        "Nazımiye",
        "Ovacık",
        "Pertek",
        "Pülümür",
        "Merkez"
      ]
    },
    {
      "city": "Şanlıurfa",
      "id": 63,
      "districts": [
        "Akçakale",
        "Birecik",
        "Bozova",
        "Ceylanpınar",
        "Eyyübiye",
        "Halfeti",
        "Halcityiye",
        "Hcityvan",
        "Karaköprü",
        "Siverek",
        "Suruç",
        "Viranşehir",
        "Harran"
      ]
    },
    {
      "city": "Uşak",
      "id": 64,
      "districts": [
        "Banaz",
        "Eşme",
        "Karahallı",
        "Sivaslı",
        "Ulubey",
        "Merkez"
      ]
    },
    {
      "city": "Van",
      "id": 65,
      "districts": [
        "Başkale",
        "Çatak",
        "Erciş",
        "Gevaş",
        "Gürpınar",
        "İpekyolu",
        "Muradiye",
        "Özalp",
        "Tuşba",
        "Bahçesaray",
        "Çaldıran",
        "Edremit",
        "Saray"
      ]
    },
    {
      "city": "Yozgat",
      "id": 66,
      "districts": [
        "Akdağmadeni",
        "Boğazlıyan",
        "Çayıralan",
        "Çekerek",
        "Sarıkaya",
        "Sorgun",
        "Şefaatli",
        "Yerköy",
        "Merkez",
        "Aydıncık",
        "Çandır",
        "Kadışehri",
        "Saraykent",
        "Yenifakılı"
      ]
    },
    {
      "city": "Zonguldak",
      "id": 67,
      "districts": [
        "Çaycuma",
        "Devrek",
        "Ereğli",
        "Merkez",
        "Alaplı",
        "Gökçebey"
      ]
    },
    {
      "city": "Aksaray",
      "id": 68,
      "districts": [
        "Ağaçören",
        "Eskcity",
        "Gülağaç",
        "Güzelyurt",
        "Merkez",
        "Ortaköy",
        "Sarıyahşi"
      ]
    },
    {
      "city": "Bayburt",
      "id": 69,
      "districts": [
        "Merkez",
        "Aydıntepe",
        "Demirözü"
      ]
    },
    {
      "city": "Karaman",
      "id": 70,
      "districts": [
        "Ermenek",
        "Merkez",
        "Ayrancı",
        "Kazımkarabekir",
        "Başyayla",
        "Sarıvelcityer"
      ]
    },
    {
      "city": "Kırıkkale",
      "id": 71,
      "districts": [
        "Delice",
        "Keskin",
        "Merkez",
        "Sulakyurt",
        "Bahşcityi",
        "Balışeyh",
        "Çelebi",
        "Karakeçcityi",
        "Yahşihan"
      ]
    },
    {
      "city": "Batman",
      "id": 72,
      "districts": [
        "Merkez",
        "Beşiri",
        "Gercüş",
        "Kozluk",
        "Sason",
        "Hasankeyf"
      ]
    },
    {
      "city": "Şırnak",
      "id": 73,
      "districts": [
        "Beytüşşebap",
        "Cizre",
        "İdcity",
        "Scityopi",
        "Merkez",
        "Uludere",
        "Güçlükonak"
      ]
    },
    {
      "city": "Bartın",
      "id": 74,
      "districts": [
        "Merkez",
        "Kurucaşcitye",
        "Ulus",
        "Amasra"
      ]
    },
    {
      "city": "Ardahan",
      "id": 75,
      "districts": [
        "Merkez",
        "Çıldır",
        "Göle",
        "Hanak",
        "Posof",
        "Damal"
      ]
    },
    {
      "city": "Iğdır",
      "id": 76,
      "districts": [
        "Aralık",
        "Merkez",
        "Tuzluca",
        "Karakoyunlu"
      ]
    },
    {
      "city": "Yalova",
      "id": 77,
      "districts": [
        "Merkez",
        "Altınova",
        "Armutlu",
        "Çınarcık",
        "Çiftlikköy",
        "Termal"
      ]
    },
    {
      "city": "Karabük",
      "id": 78,
      "districts": [
        "Eflani",
        "Eskipazar",
        "Merkez",
        "Ovacık",
        "Safranbolu",
        "Yenice"
      ]
    },
    {
      "city": "Kcityis",
      "id": 79,
      "districts": [
        "Merkez",
        "Elbeyli",
        "Musabeyli",
        "Polateli"
      ]
    },
    {
      "city": "Osmaniye",
      "id": 80,
      "districts": [
        "Bahçe",
        "Kadirli",
        "Merkez",
        "Düziçi",
        "Hasanbeyli",
        "Sumbas",
        "Toprakkale"
      ]
    },
    {
      "city": "Düzce",
      "id": 81,
      "districts": [
        "Akçakoca",
        "Merkez",
        "Yığılca",
        "Cumayeri",
        "Gölyaka",
        "Çcityimli",
        "Gümüşova",
        "Kaynaşlı"
      ]
    }
  ]
}